제목,내용,작성자,created_at,이미지,URL
반소,"윤기완 교수님 렉노, 과제, 기출 삽니다.쪽지주세요.",익명,2025-05-04T16:52:00,이미지 없음,https://everytime.kr/420883/v/379044947
전기자기학1,"함자쿠르트 교수님 렉노, 과제, 기출 등 삽니다!쪽지주세요",익명,2025-05-03T20:26:00,이미지 없음,https://everytime.kr/420883/v/378994934
Ti nspire cx cas 2,본체 충전케이블 매뉴얼 라이센스코드 있습니다17에 판매합니다!,익명,2025-05-03T16:20:00,https://cf-ea.everytime.kr/attach/60/75530803/everytime-1746256827339.jpg?Expires=1746351204&Key-Pair-Id=APKAICU6XZKH23IGASFA&Signature=M6nWMf3n6VEHVbt9cd5~96lPpz8T1fSPOuy5VIncuYCVlr1zFVTWpfPW9TvdQN4RNvwJLxaXE6ea1DZRq4zWC~5RYuoK2OU1tW2PJqdnM2LorNR63W8ssbq78Bhb073OkitBd~XhBm~AWrLl8h5URDqqvh0xx4iGRccXf2Mu~fLonkEgsvZvihZmCPMZ8wOugsgP7SELBrfohhNbZxpHxys47Ar9gGFSGXFp5r63KKhsuT6pSXRl-KBdQZSlor-2VuMR7Qm~am6dz27Fcj3xvAy9lnwIa8N5wimTlX1OhP1UN61ckESm-q-xiXltFyOI16HX1bexPpC9mqeOnTpeMg__,https://everytime.kr/420883/v/378979545
KBS 한국어능력시험 기출문제 20•21•22,"KBS 한국어능력시험 기출문제 20, 21, 22회 기출문제집•해설 세트입니다. 문제집은 펼쳐보기만 했고 해설지에 밑줄 가끔 그었습니다.회차당 19000원이고 가급적 한번에 사가실 분 구합니다. 모의 답안지 여러장 복사해놓은 것도 같이 드릴게요.1급 받고 졸업하니 관련 질문 해주셔도 괜찮습니다!",익명,2025-05-03T13:37:00,"https://cf-ea.everytime.kr/attach_thumbnail/582/75528160/everytime-1746247056730.jpg?Expires=1746351206&Key-Pair-Id=APKAICU6XZKH23IGASFA&Signature=X-LmsXM-Jx~-uBTMR5ckV5FqN~rAG6ErcLEAAhjoUspJ4FKM4jDVW7j~3NDfvOSThffdAdSU7Isr7aQBZqxjQWGoIGPp7kd8fvv67XGw6WpOme2s2zoO9ItjjYs00366neFIC5F-0xn9VJAPigJA~zbfbMcINK3F~DVnsQmZpHhV7gklouIMZULBjw9v9Ced4icp15GcReUOPYYmo3hu6jHTEwdQVdI7aoHzdzWaiJlRWnSlSu97qPjI4j7t6Xjsb5CNdXdqYqgMoBqhnkvOVzPkgWf9X4ZgcFtQTIlRx1bYuctpe~0IzyBZX5kFgf2DXd8fwVtrvMWll6CQupBXrg__, https://cf-ea.everytime.kr/attach_thumbnail/465/75528161/everytime-1746247058010.jpg?Expires=1746351206&Key-Pair-Id=APKAICU6XZKH23IGASFA&Signature=smZ0mF-i1ksM2bDyv8Qn8bueY7iWmDce2fEI~q6V6lSGKOiyNnGfESfQe~jHbeVd5d3PhSZdnim3BWcdydYH1bvfPdlbDAvBX~eyZ1mS2ZFzBlR-Z32sjhi0gYT9klx191aw8f6qNP~8FNofQona~91bsEU1mQWc~JNK1rPlx4tAw8WbTGVj-wDIGpITE3B9swE1i80TOzBxTOLOeSX7h26C5adCXoQ25w5ix5rx6-KibjMGn4KB39donTUGibePfVAsXl-u6VGfOf7HXQd4nHboEt9MqdjPk9js4bgq-ZO~mi9GV5yKcRqirlv9gdNaY1YLH7GGy-GiVNHcwr~n6g__",https://everytime.kr/420883/v/378969407
빌립니다) TI-84 계산기,0507-0512에 빌려주실 분 찾습니다.정말정말 급하게 꼭 필요합니다.크게 사례해드리겠습니다!,익명,2025-05-02T12:21:00,이미지 없음,https://everytime.kr/420883/v/378891938
아이폰 삽니다,기존 핸드폰 고장으로 인해 중고 아이폰 사고자 합니다.기종 용량 가격 흠집 등 쪽지로 제안 주세요!🥺,익명,2025-05-02T01:27:00,이미지 없음,https://everytime.kr/420883/v/378870254
반소 조병진 교수님 족보,삽니다. (렉노과제시험등)쪽지주세요.,익명,2025-05-01T19:17:00,이미지 없음,https://everytime.kr/420883/v/378835061
컴구개 ㅇㅁㅅ교수님 족보구합니다,쪽지주시면 구입하겠습니다,익명,2025-05-01T17:07:00,이미지 없음,https://everytime.kr/420883/v/378824207
한 번도 안 입은 흑청 팝니다,"개멍청하게 사이즈 잘못샀는데 환불 미루다가 구매 확정되서 팝니다10만원 좀 넘게 주고 샀는데 7만원에 팔아요사이즈는 30이고, 좀 크게 나왔습니다",익명,2025-04-30T15:27:00,"https://cf-ea.everytime.kr/attach_thumbnail/37/75474449/everytime-1745994426915.jpg?Expires=1746351217&Key-Pair-Id=APKAICU6XZKH23IGASFA&Signature=a~VQXBMJlMNHq-BjXy71mMsF6BzkhJUHKoiiwhWPp0-MBVgMnrCFDauVlWOgmAjNaYGN8-ggKSxe2ejYUoEiTjN1g7i9hiWfFdoWLE5DoU5JioDAvqvAdTvmQXys1apy1bX1ClN2YklIzrtRTMykjEaOjUTzMFb93yYTwj7BCsRixStM~3frDhTpI3fXkoOiTFxkflrX2L3BEpkDkY6Ti-sNwVWOzHc-qZZwd36Px~~6y1Rf-3xPE1ncwTarUEeaGRZ0cji~zNrTN2zneoB4dp~TvgbtPkDa8OAfz3PzNFfJ0tMQ2AzcJH2GxkAGVMTtwnL62qo7D8iZwvxEwBozeQ__, https://cf-ea.everytime.kr/attach_thumbnail/94/75474448/everytime-1745994425931.jpg?Expires=1746351217&Key-Pair-Id=APKAICU6XZKH23IGASFA&Signature=NG1Z-F1YajtLqcKBfqORLQcAVWC2tB3Jbc7o6W3M4SrQPNYYkaTjTtEMbBi2qEzzlp4SI4eXzVTObLuQPkQb9NMlQh7MiSQsUbh6XzkzU3YUMJ8nXlHWYyudInk~2cBWD3mUCg2VubY-F3h7jKzLBq5vdNrK-~o1lk0X7jlzg1s0yJeiwxsOBMBVDsSaKhzTyE-Hs2foTlWFqZ8SgDZojLLHWQPs-cJbeOHxcrf7CKsEgP0jVIcOzCRAjBcNKQANmD0L65VKlgGh4kXKtMU8B-RcLD4Y3hZWfOQV2xKDmC5LbQtGgxhiMCa6OxFNVEfNwhRx3Np6oWds1Dd~aMA-~g__, https://cf-ea.everytime.kr/attach_thumbnail/423/75474450/everytime-1745994427647.jpg?Expires=1746351217&Key-Pair-Id=APKAICU6XZKH23IGASFA&Signature=MtVpnNm8WgknKw62Dn2KhF77rvQOM8DBdLabGPgRQYKWMR5qasOl8TnKegTH8Bl03i7wyYHpp~YIT0yoARel7NemF86aYmmSKxNTNXO3xPfFN7a1L056HquraqyWq7SE6lgD8ISR-Ba3fcvvurhpu5V79Fv2NJDUiooohXtGNgS3rcPJ-LgaDV4wZru-yHZyMp5pZPZJe1SBTo4X436OyikagcXjvDe-fjniyjcBzLwJWHyRaVJ0UXNL5ePKLRodKaCEVOc5uCiL4Y-wl8OWg4fMxgFJLUDGWOuF1g9fW~DC-~eK73ZLfPn7f8fjxImI5AH4cSCYiYiMsCjDZlglBw__",https://everytime.kr/420883/v/378713909
"KAIST 연구실 인턴 (남, 20대) 6월 초중순 ~ 8/31 단기 거주 공간(서브리스) 구합니다!","안녕하세요, KAIST 대학원 연구실에서 인턴으로 근무하게 되어 단기 거주 공간을 찾고 있습니다.- 희망 기간:      2025년 6월 초중순 ~ 2025년 8월 31일 (약 3개월, 정확한 시작 날짜 협의 가능)- 찾는 분:      여름방학/계절학기 등으로 위 기간 동안 잠시 자취방(원룸, 오피스텔 등)을 비우시는 분- 본인 소개:     - 20대 중반 남성, KAIST 연구실 인턴 (신분 증빙 가능)     - 비흡연자, 깔끔하고 조용하게 지내는 편입니다.     - 짐이 많지 않으며, 개인 생활용품(침구 등)은 소량 가져갈 예정입니다.     - 자차가 있어 주차 공간이 필요하며, 카이스트 기준 자차 20분 내외 거리라면 위치는 크게 상관 없습니다.- 희망 조건:     - 위치: 카이스트 기준 자차 20분 내외 거리 선호 (어은동, 궁동, 봉명동, 월평동, 상대동 등 위치 협의 가능)     - 형태: 원룸, 오피스텔 선호 (다른 형태도 문의 주세요)     - 예산: 월세는 최대 40만원까지 생각하고 있습니다. 관리비/공과금 포함 여부, 보증금 유무 등 세부 조건에 따라 협의하여 정하고 싶습니다. (더 낮은 금액도 상태/조건에 따라 환영합니다!)     - 기본적인 가구/가전(침대 프레임, 책상, 의자, 냉장고, 세탁기, 에어컨)이 구비되어 있으면 좋겠습니다.- 약속:      월세 및 관리비, 사용한 공과금은 약속된 날짜에 정확히 지불하겠습니다.혹시 위 기간 동안 집을 비우시거나 주변에 비슷한 조건의 정보가 있다면 편하게 연락 부탁드립니다. 계약 전 집 상 태 확인(방문 또는 영상통화) 가능하면 좋겠습니다.관심 있으신 분은 010-팔7공6-삼3이9로 연락 부탁드립니다.감사합니다!",익명,2025-04-30T09:30:00,이미지 없음,https://everytime.kr/420883/v/378684285
스벅 아메리카노,내일까지라 무료나눔해요 쪽지 주세요,익명,2025-04-29T15:59:00,이미지 없음,https://everytime.kr/420883/v/378613179
애플 로직프로 리딤코드 삽니다,교육용 앱 번들 사신 분중에 로직프로 코드 안쓰신분 있으신가요? 8만원에 사겠습니다,익명,2025-04-29T15:18:00,이미지 없음,https://everytime.kr/420883/v/378609374
신인식 교수님 os기말족보 사요,쪽지주세요,익명,2025-04-29T03:16:00,이미지 없음,https://everytime.kr/420883/v/378573058
물전개 교재 한글판,물전개 책 한글판 구해요. 쪽지주세요.,익명,2025-04-28T20:40:00,이미지 없음,https://everytime.kr/420883/v/378535404
카이스트 야구 점퍼 대여 원합니다!,"카이스트 야구 점퍼 대여 원합니다! (검은색 야구 점퍼)사이즈는 S, L 각각 하나씩 대여를 원합니다.내일(29일 화요일) 오전 10시부터 세 시간 정도 대여하고 싶습니다.그래서 대여하는 것은 넉넉히 내일 오전 9시반 정도에 만나서 빌리고 싶습니다. (제가 교내의 편하신 장소로 찾아 뵙겠습니다)촬영에 사용할 것이고, 최대한 깨끗하게 사용하고 돌려드리겠습니다.각각 2만원에 대여하고자 합니다.하나씩 따로 빌려주셔도 괜찮고, 한 번에 두 벌 모두를 빌려주셔도 좋습니다.쪽지 부탁 드립니다.",익명,2025-04-28T17:47:00,이미지 없음,https://everytime.kr/420883/v/378518160
애플 매직 키보드 팝니다,"애플 정품 매직 키보드(Numeric keypad 포함)-색상 : 실버-가격 130,000(정가 : 쿠팡 기준 185,310)-박스 및 충전기 포함- 사용 많이 안함오른쪽,왼쪽에 미세한 찍힘 존재(5,6번 사진 참고)",익명,2025-04-27T18:07:00,"https://cf-ea.everytime.kr/attach_thumbnail/567/75416284/everytime-1745744848898.jpg?Expires=1746351232&Key-Pair-Id=APKAICU6XZKH23IGASFA&Signature=bYAW2coLjZKevvQScRXZE44bUBEk6LigkB~myefVpFn-OhzNZ3qbyjMMVnYvLh1fTzjr05LsLEFhgMp9qmkvURr-kkj-LggYWurCXnghwT39t-CU3jMLejlP2SwIFnNbzOXAOfTA8rb7ZHb3z~MoQbusdS3D41biCyluk3Ks6yRxm3ePXfcBRQoy0nnunIB9mwdG0Suc-KnMs0MCMDIlJJ332BkE-KOStTXRXQAG1B2jRs7TQ6kryK8CYrvMaT7Ky5-edLdtwgyeOTDhQ38Nf06vp~RmB2EqlAuLqhPW-MJpY93fyBUpqxF6~P-rWBctJAtYHWbFPKaeiNy1kV7NYg__, https://cf-ea.everytime.kr/attach_thumbnail/796/75416285/everytime-1745744849829.jpg?Expires=1746351232&Key-Pair-Id=APKAICU6XZKH23IGASFA&Signature=N~E70JmCrZP5MPvDj3Cyr4SQxAAGoH8208mx2ki~oF1wdj7sGXwq99ICLRA9IMiekKefPX2AXtS~46UCnO-jMebwWHp4jDQ7Ogk~WNgWKEvOakyCTW3JJKRBtZ135OHoCjzoIiETyLkyEEAygjBEdgnApQdmj-dfeNCywOa6BF5SwfM-8v53AIQbELoCQIt~O5UYm6gTyu~PdP6yE5K7zylLhnjVh797ZVDyN7G5LfGvckiblwuvrfbPFIdZTHOw5icF0jZLFJ0IQknlMaWhp~~UlMZTomVqvK1Yr-N6ImC~5uq4AnUhJSv6j3rwNEL3mFcdMpy9aVUqGuB9rEVy~w__, https://cf-ea.everytime.kr/attach_thumbnail/713/75416286/everytime-1745744850977.jpg?Expires=1746351232&Key-Pair-Id=APKAICU6XZKH23IGASFA&Signature=lF0w~mBrEKvkZLMP0vXHe-KVkSLiBNga7VSajhkKuuDl-y9jaVd1Gi1PGNhWvNNAyX8Cuprj9N1nZOkk0uG4SPFWUvtezejQrkJWBsLj89wr7ncoKoyyqlUucL4oX66viUljZDA3W11tHWX8a0y8K2EPHGmgpy8ZwFb1Zo7JvZk2~zXGhR00HOSVpfA8LvkhcvwIB5DtCphlo3PVkNmSQ1SVW4RPc2E8pcIHaSTtHlqSzczWDvG4qGIAsxbI~tjidNcv5HSko~Ii-nmlxuAt0Fnz3lQBaoZAE4k2sweE1RQ6q9lQ7bAxmh-U~1OC9yPPBtX7QOS2klYj-RdtLD34Zg__, https://cf-ea.everytime.kr/attach_thumbnail/746/75416287/everytime-1745744851610.jpg?Expires=1746351232&Key-Pair-Id=APKAICU6XZKH23IGASFA&Signature=m25fs6~AGW2xZTlXVr9~ShCQhPifW1u7dq6zENWmEr8fZNsIWCLtjgrY8JCbpnYUIRmRYCDTzxr09G-YeZyicL7bT9YKCGyMVx~28Yb-MhthTeHAh~vz-0Z4vhkg3Uaba5dwdbH5OTqBC6MuwYsmcEcRhiJqs8IXOpoq0aVrWBw17BxHhv4y0BuAui1igyaNIXWO7P96eZt~1BuNRVPhw60zCleY7TbiA8LRmvldWZE3drfdt42lH9bNrp7bQPYDgL76BLQ1O9BC8j0QXBk-2q7z9BhIxwLrX-1Nf5CG3bbqiLqxUKGPJuiNzlEscCytYz00RrparlRjiNMwO2CqJw__, https://cf-ea.everytime.kr/attach_thumbnail/910/75416288/everytime-1745744852256.jpg?Expires=1746351232&Key-Pair-Id=APKAICU6XZKH23IGASFA&Signature=UqKGSJhF0uaLTG~gme131fbdnCBtQ2Srn0PiJTC72C8C6rrlNwcwUhA1Ba7YXz5Fx7Oru0ozf5daz4hYWJumHsPcvBcqGuKfjhXTWXPI2jYeJPlP4XnV4xivKaYErY6cBHYo6vIMlwNN7xfbw7aCON16tapOseWlA8PfgsGH35K4nDsnKKbM3aoP0cGdPi9~2VRmf5fsmJtpCkvpzDOnAppSmtNJ2DhjJ1FlKjrBVXQ9wJL52hO-h~xyFyoDVULcKVDaYR~FryerM95j5la~IuSC0FuQUX8jpZ1sJldazenbPXr9dQeleLFt3i0vGmdLBupvNhqZH3k38b-5HiHOqg__, https://cf-ea.everytime.kr/attach_thumbnail/101/75416289/everytime-1745744852897.jpg?Expires=1746351232&Key-Pair-Id=APKAICU6XZKH23IGASFA&Signature=msDFc7DMLZ6bWQMahS~KxqTZxAAy4siEO6UH2oVeRVxcXAwBezcKO-nxxNotKfjlIFqTVvqXcdgPKfA8FwRsEENlWCiuuqtZj-wVWHLCuz-MbXJWLyMFTxziriVBeZBipeHYSJTxO1vc5XNsPzYTVwHnVFXTSjP~oPDG8iQlXEKdg82ySYUSW4AN9Dx7KjeyAxhBKPcmmIY3BtkwpJCKyhueADAB-Bggvr5LAihO8FQbJapOJ0qOSFMgQuI4oiK3YT0DkagMBlfLvivSNNHr6d-ay4M7nH-YjGzwMBs8wguDxG8-G7KkrXWES49Jhy7nSygVbUWh45zoFxRyukQADA__",https://everytime.kr/420883/v/378405183
인스리 교재 삽니다,oxford q skills for success: listening and speaking 4 student book,익명,2025-04-26T17:32:00,이미지 없음,https://everytime.kr/420883/v/378320305
메가박스 예매권 8000원,-05.17.5장 있습니다.편하게 문의 주세요.,익명,2025-04-26T16:42:00,이미지 없음,https://everytime.kr/420883/v/378316511
(사은품 증정)고퍼우드 i110 통기타 14만원,"고퍼우드 i110 통기타 판매합니다. (정품 보증서 포함)2024년 1월 구매 후 기타 튜닝을 위해 줄 몇 번 튕겨본 것 외에는 거의 사용하지 않았습니다. 소리 맑고 울림이 좋습니다. 입문용으로 인기 많은 모델이며, 구매했던 매장 사장님도 강력 추천하셨던 제품입니다.사은품:미개봉 새 기타줄 1세트튜너(튜닝기)카포가이드북스트랩(가방처럼 메고 연주 가능)피크 + 피크 케이스줄감개+리무버 세트극세사 융기타 스탠드궁금하신 점 편하게 문의주세요!",익명,2025-04-26T08:38:00,"https://cf-ea.everytime.kr/attach_thumbnail/578/75395970/everytime-1745624286541.jpg?Expires=1746351239&Key-Pair-Id=APKAICU6XZKH23IGASFA&Signature=FlOd9JQ62Y9QzX9-7b4EmzQeZRBPmlRwWN9F64XgJO-Z72ZKlLFRlLjnky2Rlu82yUNbAI1cZbfWpUWc3UK-XTlrLbreFXHOjlU3QoRlFMXnLQ95Qvrzzb1dAegyevSOvu61vJoOW4wJb6dp3n-dXF6xHkorxiIIxiKck4KxoLbVbIJSWzhhXnh0ceUgcpGZpnI4Ir~ECG3~NujUGMTBS8QMWht4au5Ef6CPOZGKf~jgFDjs1f16ZK6XMGB-2d9G~OWsAz3ioy43PrnZJ78LD7ImhPvtcYLDQLaXfBHKjrX-atvQcVxOQBVbz04TPw5~KpHUkepJROqL3~dMrHZDlg__, https://cf-ea.everytime.kr/attach_thumbnail/541/75395971/everytime-1745624287239.jpg?Expires=1746351239&Key-Pair-Id=APKAICU6XZKH23IGASFA&Signature=Bz85VrnolXm9TPfeSs9KcS2D04ioABvk~LRt85Dbe874QUf4iNAO4a7xI3CtyZcQKqWHmSVsKSA7bMV6hsuuGy3qxxdKG6CKClW3v2TlseIeArjv5e73M-uEUyFf8LXg7Lohlj11jQPP66FOoteTPoqZ4E6K72SvOwWfQUr5U0igVc0-nd1VtHhcNtt342rMRCuXd~305-lSVGyZTyOuCEu5XcsBl3opQPojs22CkzsqIAHIAvAkBRZSU2nTpXNO8Yj1wsCWAj9~UMd3TKqrNIHgHajVdoq6MgoBKx5MEpb089sWdBBLLgHzhxo~RwXS8ZUIFyQehXIn45nI1kzPKA__, https://cf-ea.everytime.kr/attach_thumbnail/2/75395972/everytime-1745624287796.jpg?Expires=1746351239&Key-Pair-Id=APKAICU6XZKH23IGASFA&Signature=cqIt5ye9RCiz5IOaTGL2IijSJFAKOsLxAy2yR1taihw2MKTte0gfC0TBjm7ghrBf6odOIBzezZLlQvG8kY8yxn4NGKmXEgcfrLGCgDD8JGjxWsQ5nFpPyzRsAJF5XUM9qG6l5l7nNqXWCrxCCvaXnP40VlRpnjhpfNRlrLBtWwtwCahC2N~S8j1LYCGxzhbD~cWn5OPaPJSWBRy8nYcPXZZoIWlnLNO~q2uMU8AdddxnnbXVCI0iuxUY~o0959fNU8x5UiwuslxRmmctO4RqSBROA-~s-PjR8c-isDMb9AkvATm6xUmGLWl5qltfneJfolQz1FUbwIYYuyHuekngrQ__, https://cf-ea.everytime.kr/attach_thumbnail/12/75395973/everytime-1745624288361.jpg?Expires=1746351239&Key-Pair-Id=APKAICU6XZKH23IGASFA&Signature=ESNb3DeqeJCiMNGcw2QAfzxOK1KuXmst7RsqITuUbUfpd1ydhpDKjUmWsTT9Hmwb-9wSosH0S~lKd1deVAPSkGxUFJTTYsLIONv8k4ipXfSpgNUcH4WEu44Icq5alT2bZ-VOZWmNhB-s0u86WGWgjAeNUWW-u9xr4ETpb8cLJmEgop-3Q0DcfAjjJxS3WrZ89Na15EBC9VSEExSagsTw9nKk6DCaxx3cojOpbdb0WtvOFCGTxSAHtPt-1QrtwKaZYw-MtXy76cVHHBUUvTEfBbL9QLXXUUXpLUSxi4Al2omOgeSQjZAvGfQEc8wkYtOlwWx6ULrPXSephnt2kNE1Ug__, https://cf-ea.everytime.kr/attach_thumbnail/69/75395974/everytime-1745624288821.jpg?Expires=1746351239&Key-Pair-Id=APKAICU6XZKH23IGASFA&Signature=FEVsg6IFRq3ywCJGK-EsyIH~-igaZsmU-g3aeqVyKuX8dZHOFBoSp0AA3iQqJ9-aES55iqIkidFXfslA3gxtH6K4livJm8qG9c~BM7koj5J20cWT7hAnQsyGrtJKgbiKmYFmWBRJpN6bUIrDu-FTSbs87rQ5~akxJdn117B2pGderCFeioyRHlLnQdUIcxt2KSeu~SHo4G5F9Pb1o0CpO~AmSh5-Fd0Ys65HawWpMMKaKEPwJYC9Rp~Nsbvm8ahHDVcmDh0MRI3drTdpHBfyrcKIhMlPi6~NYxJ4Xzn2GMoBcuYZO~x65Gf2mQvy~QTTBwDS4IHvWRjQyeW6R~xDxQ__, https://cf-ea.everytime.kr/attach_thumbnail/799/75395975/everytime-1745624289331.jpg?Expires=1746351239&Key-Pair-Id=APKAICU6XZKH23IGASFA&Signature=AUarEeC4XlJ4gUuiyYkYgibd5DoSoOPySfIhjYiprXL15qNRPoaBeMdB15VtYHwO-w4QAlWh19cIohXSdD~EyXihPIOwpVpP1o1yiumibalwrD0JpzSzSGcXkfAtA727TRaqF4k09Ulkhottflz1HmdNTF76iPEAbXYQO5l99ZWRCz~QyTxaTm69g2By8mQ1hQWWhHiOdsEyca22LusGeDeMBfzDD1xWPdfvx3MMWizkdRtIJHPzxhisqjjVvimyFzmXs9OhIUZemSf1~xLopdkXnfc1FjbOG23G3R~aZBfdVDucY1rn8bUGUZnqGAWonLrlG5Eo6jfMKPnBhcFS-Q__, https://cf-ea.everytime.kr/attach_thumbnail/590/75395976/everytime-1745624289734.jpg?Expires=1746351239&Key-Pair-Id=APKAICU6XZKH23IGASFA&Signature=kNlmfYI~vTGSsmOMIh1iaVttzU-0DYq3Zq~59d3lXOdRgsM8x~r4houJG9O~ZoyqmkbYzXi4o2H36fFqtku0OwPs7bL12vtc0Vmx6Lt~9TedPQNat-zVGiClqfE50eGt5uoHIcHWHC2SQHjc~Eav4PQ-Pzwbp2j1IrEdSXgHLlzQ6DmqZ-7hjATNpnhfihywGpn39l01-O0TOfld4ijZDJzbaGqSRmYm3~qpZ5FvkJ8sX1H8szTP~xcpzcteoxrI-0jWSzxRAm40an0aofDpzDcT7ffJmccY0dd2jMo2J9hUeqZItQ4SSXp3eZTlU6NYV3cEeABRDPV6AC6zxeISBA__",https://everytime.kr/420883/v/378287975
크보 띠부씰 무료나눔합니다,두산팬분 아무나 가져가세요,익명,2025-04-26T00:45:00,https://cf-ea.everytime.kr/attach/578/75394254/everytime-1745595906389.jpg?Expires=1746351241&Key-Pair-Id=APKAICU6XZKH23IGASFA&Signature=Bgwq7xm8sOMvk~NOARK2yR5SNOnFHW8KZYWmszgEuO-UribrJoNd1tsgjz~vLruHT0g6tYtnAtHpKwd3x8LttM6zHU5dNbzl7nRBfUDGBXT83rH2fI8hBYUCa-Iz4FYEs6Re6nYUyWgJXf2vqTAiVQmxMme-xo3sFEFCo9zpmz1mjT3GjjSCb7BOjnvO2m5cv9dH5uTeNIESZAGGE9JRPkfZMCoFfLWRsh9XQhBckZBTi23PNA1BhuFBfhLDQGqP9evCqRiH2JXylR65FQQgno3dWjsZn-mwh3gdDVnGhPJlmZUcmMJccTjQGZ2YzLZEJDLhXOCQOM533GEPRDF1vQ__,https://everytime.kr/420883/v/378273437
자취방 양도,"궁동 자취방 살고있는데, 사정이있어 대전을 떠나게되서 원룸 양도합니다!계약기간이 올해 12월까지라 계약을 취소할순 없어서 원룸 양도 해드려요!티비, 와이파이, 화장실 깨끗하고, 원하시면 한번 보셔도 됩니다보증금/월세 200/40에 관리비는 전기세만 내면되는데, 매달 평균 15000원정도 냈습니다!원룸 양도 받으시면, 보증금 200은 준비안하셔도 되시고, 매달내실 월세 40+관리비 만 내시면 됩니다!아 참고로 지금 방에서 제 옷 및 개인 용품을 제외한 식기도구와 조미료 등은 제공해드리겠습니다편하게 쪽지주세요!",익명,2025-04-25T23:53:00,이미지 없음,https://everytime.kr/420883/v/378268285
혼다 19년식 click 125cc 판매,주행거리 약 20000km사진과 가격 및 주요 정보는 오픈 카톡으로 문의바라요!카카오톡 오픈채팅을 시작해 보세요.링크를 선택하면 카카오톡이 실행됩니다.카이스트 에타 혼다 판매https://open.kakao.com/o/svKg60sh,익명,2025-04-25T15:25:00,이미지 없음,https://everytime.kr/420883/v/378218901
gpt 팟,구합니다들어가고 싶습니다!,익명,2025-04-23T19:07:00,이미지 없음,https://everytime.kr/420883/v/377983580
스쿠터 판매합니다,"5000키로 탄 80cc 요타80 팝니다.서류 모두 있고, 50만원에 팝니다.사진 필요하시면 쪽지주세요.",익명,2025-04-22T18:19:00,이미지 없음,https://everytime.kr/420883/v/377826338
맥북 에어 M2 8GB 256GB 40만원에 팝니다,이번에 M4로 업그레이드하면서 팝니다.사용기간 약 2년이고 배터리 사이클 112회 배터리 용량 88%입니다.저번주까지도 제 메인 기기로 잘 썼을 정도로 실사용에 문제 없습니다.맥북 찍먹해보실 학우분께 추천드립니다.,익명,2025-04-22T13:50:00,"https://cf-ea.everytime.kr/attach_thumbnail/138/75320456/everytime-1745297439035.jpg?Expires=1746351255&Key-Pair-Id=APKAICU6XZKH23IGASFA&Signature=NHRwk3spwbOiBKfGezUehHWY-K7JoCD~jz2213Sr-~oTphAXYexijbqIsE-JrVJo~rAy20uEGeAjYYbdKEPrSA-ZFWgqtxmF2ozeqqecsmzras2tSqiot6Ut4P~LxcELzDdrgPFIy4bJ3-2cIEBIv6wUj3Q6~VgZpnZhsyIT2tHPXH9mo0wikhk-ivPwe84CAUh~UousS70MUuvONCPBISGse-TNYoLOQxZJniZKtuch7ZBAUBnMSavVVfr5sF5OuIN168IDFQ8J-4p2rcmzEBgBTg4cR4ZFRYwkwjjb6z3oPUioWwkOfhAVV1~dJra1vLAg23Z-yFSvVuLbBH8nIg__, https://cf-ea.everytime.kr/attach_thumbnail/493/75320457/everytime-1745297440075.jpg?Expires=1746351255&Key-Pair-Id=APKAICU6XZKH23IGASFA&Signature=dkNDO-7v7gkQQwYTQnBwo7uPCShj-Toe8E3KGCnqeQu3TASsvpT~adYYWpNO7BbUxkurJPNcJICC1yi0qavbroSiRWHkevPfCVGdXP1Gq~t5kbgaQsSmRh1iCKYCWfDXy5vuNeVIhSggMD~Vym8-ewyIkYoFUIWfBeilacx-vUxECmzylIjhocgz4bVqMze1XJO2-lje702oqHz~Y50Q4PlKnh~H4IDPENuuTL9~5hlvzyNWdRnfe4KvnXFXeeR7r2DJn64wlIOPpXI42sSZy3vDP3szDmKS-L0rUxXzZCqjZ0cHAIIChbpA7jqfdQK0pQIU6NxpgTLEPuRxxlaJMg__",https://everytime.kr/420883/v/377787997
진리관 냉장고,소형 삽니다,익명,2025-04-22T13:47:00,이미지 없음,https://everytime.kr/420883/v/377787559
냉장고 삽니다.,소망관 소형 냉장고 삽니다,익명,2025-04-22T02:25:00,이미지 없음,https://everytime.kr/420883/v/377740677
(예약중)(500/48 (관리비포함)) 어궁동 lee&park 6월말부터 거주할 입주자를 찾습니다!,"안녕하세요. 4년 넘게 거주한 정든 자취방을 떠나게 되어 다음 입주자를 찾기 위해 글을 올립니다.어궁동 lee&park 건물이고, 가장 꼭대기층인 5층에, 갑천뷰 큰방입니다. 저도 정말정말 만족하며 지낸 방이고, 제가 이 방의 두번째 입주자로 4년 넘게 살았었어요. 본가가 대전으로 이사를 오지 않았다면 졸업 전까지 쭉 사려고 했을 만큼 너무 좋은 방입니다.이 집의 장점을 말하자면,1. 평수 7평에, 층고가 높아 탁 트인 느낌이 듭니다. 다른 집에 비해 확실히 높은데, 다른 원룸들이랑 느낌이 다르게 개방감을 줘서 정말 좋더라구요. 만족감이 정말 좋았어요. 사진 보시면 아실 수 있듯이 방도 넓은 편이에요!2. 엘베 있고 중문 있는 1.5룸 구조입니다. 방에 침대 3개 들어갈 정도의 크기로 다른 원룸들에 비해 큰 편입니다!3. 뷰 정말 좋습니다 (갑천뷰)! 해도 잘 들고 블라인드 열고 창문 탁 열면 참 좋아요. 심지어 창이 크고 앞에서 말씀드린 것처럼 층고가 높아서 뷰가 참 좋습니다.4. 방음이 잘 되는 편이에요! 다른 건물에서도 자취를 해봤는데, 이 건물이 확실히 잘 되는 것 같습니다.5. 시세에 비해 가격이 저렴합니다. 학교에서 도보 7-8분 거리로 가까운데도, 보증금 500만원에 관리비 포함 48만원 (수도, 가스, 전기세 별도) 이에요. 4년 넘게 살면서 거의 월세를 올리지 않으셔서 가격이 저렴합니다. 수도, 가스, 전기세는 쓴 만큼 내면 되는데, 저는 딱히 아끼고 살지 않았는데도 보통 합쳐서 5만원 이내로 나왔던 것 같아요. (건물이 기본적으로 단열 등이 우수한 것 같긴 해요.)6. 4년 넘게 살면서 날파리, 심지어 모기조차 거의 본 적 없습니다. 벌레가 다른 집에 비해 진짜 거의 없는 것 같아요. 1,2층에 식당이 없어서 그런 것 같기도 한데, 만족도가 아주 높았어요. 7. 대부분 카이스트 학생들이고 번화가랑 떨어져 있어서 조용해요.8. 주인 분도 정말 친절하시고 너무 좋습니다. 요구 사항도 잘 들어 주시고, 늘 편의를 봐주십니다. 9. 방을 꾸미기 좋은 구조인데, 저는 솜씨가 부족해서 그저 깔끔하게만 해두고 살았었어요. 자취에대한 로망이 있으시다면 펼칠만 한 방인 것 같아요. 저는 블라인드만 흰색으로 바꿔서 빔 프로젝터를 쏴서 봤어요. 이사오시면 첨부한 사진에 있는 파란색 블라인드로 바꿔주실 거에요.10. 부엌 쪽에 짐 보관도 할 수 있는 보일러실 있어서 활용도가 높아요. 필요하시면 선반은 두고 가겠습니다단점이라고 할 만한 것은..그나마 부엌이 조금 좁은 편이라는 점과 옷장이 약간 작긴 하다는 점인데요. 요리 잘 하고 지냈고, 옷장은 침대 밑 수납에 잘 넣었더니 저는 부족하진 않았는데, 옷이 많으시다면 서랍 등을 추가 구매하셔서 쓰셔도 좋을 것 같아요.제가 7월 2일까지 월세를 내고 6월 말에 이사갈 예정이라, 다음으로 들어오실 분은 6월말부터 2월 2일까지 거주하시고, 2월 3일부터 1년 단위로 계약하시면서 사시면 될 것 같습니다. 보증금 500만원에 관리비 포함 48만원 (수도, 가스, 전기세 별도) 이에요. 앞에서 말씀드린 것처럼 시세에 비해 정말 저렴한 편이에요. 부동산에 매물이 안 올라오고 대부분 지인 소개로 방이 거래될 정도로 매우 인기있어서 자취 생각이 있으시면 좋은 기회라고 생각합니다!정말 만족하면서 산 방이에요. 저 다음으로도 여기서 행복한 자취 생활 하셨으면 좋겠어요.편하게 쪽지나 댓글로 연락 주세요:)사진은 저희 집과 구조가 같은 다른 방도 섞여 있습니다.",익명,2025-04-22T02:23:00,"https://cf-ea.everytime.kr/attach_thumbnail/225/75314625/everytime-1745256446399.jpg?Expires=1746351261&Key-Pair-Id=APKAICU6XZKH23IGASFA&Signature=clUBermRipHPwBVoq3sgfFV1HQN11sBcovadSk9OqlNVs3ATEisBwsVtU70vvolNtzn5u5lAP2jSL2RiYF8txlVOu9UEyPus0fM-WcMC8CqsIDkBCEc6wFGKQQxk9jWZgOs8x8FyFBFCQ~tUE~i5p1UrShqm1RlV1bs9cj0for7QVbtItHRoO2aDC0IUnQ7l7u4tlbZytgnAnmfVtEc16nUatx12C8yNpYFKxUBsBiTBP89c0UdeRExtUaNWT3keb4dctQOjKnedsfgKm6rHXGoBbbXk2wmw1rqbN1i2vJLblXHHh3K9IE4qp8YdgWte2jQvzExkc59qKaI9EMekMQ__, https://cf-ea.everytime.kr/attach_thumbnail/548/75314626/everytime-1745256447273.jpg?Expires=1746351261&Key-Pair-Id=APKAICU6XZKH23IGASFA&Signature=CXFB-sp2JXMZ4VgEkOO-L7Ya-0GHVJUbvnHxr5O5r3lbdyEJFRj87VlD4l1DdfJUHlw7o47AAF62omv3pz9NzExjDR51etLk4XM1gycoULnvAZWxD9tBwkH-kow9VNPUrOR2cUs~jH5AgHAM6c~sM0Wz5piPwPoaCrp5XiJR8bRIrvbG8Rv1APDBhJNPr9OYFqqLBY7u4YR9G21G5QJb6cLHD9-ZxC2oD8O-1K31W8nXZkxqIdApu9nuxw25zW4xLxRldUO2aMTghiZu8KhO4pALvXzvtpq90E1cAENnTpRcUoJkVBElEW9QNBfDNWzWnyxS9gmVBaR6BaiEQ4pHtA__, https://cf-ea.everytime.kr/attach_thumbnail/465/75314627/everytime-1745256447607.jpg?Expires=1746351261&Key-Pair-Id=APKAICU6XZKH23IGASFA&Signature=AahCHk9Pt~u0PM8pFAeB9KBBNSVl8fJbWOrXCo-EX3TobtNz2cXYQHYMTSZml1mqGXuHu7ZFM-nZXUoot51fUwYNx-ZkyYwCyjhKcJe5jMLQktn7H7f6OlAstpWftiG6oVdtN3UDV7xf3h4lUkUs4n9T7Lr6uCAccE5G97FWJ-XMrOEHjg8KrgOnAotSmRDidd9CeKmmuoR-kDr~30CvjT8McTimVbVx0KwGOmu3fyu51JMyM4ShH9l48Ju1sTSJJa2K5UOQ3weZK2G1nfwv-5g4kr1R6K1jEYdj99M3aYpdodCKRRnksjyN58zNapjsCleM5MCkhKFaLopZ4SP6Ow__, https://cf-ea.everytime.kr/attach_thumbnail/817/75314628/everytime-1745256447933.jpg?Expires=1746351261&Key-Pair-Id=APKAICU6XZKH23IGASFA&Signature=p8V9CdHKohsrt1PXdybNpRu0IhyLDgoHo8N-g8CAZr4bDMLSf8B94AYXHLM4rXP8p-~E-SKJxbkBnMSL6L4Guvo1KysJ12qhfs8EEuSMMkNLuZjwhCYuVB~k68Y7a6DKN4EHSPRBwkZxmFuMcMPk86agtzflNFUi4eTrvHnfqVs9~7~GCfTHl84vX4nWk~rgdbFR~G5d3nv~WvkL9hfiq2EfaATlhSnuT~ViApnJrQth5bSA6yCb1Rqe0CBHSfmqKueyghLn94XvNkUwBSPBcR9nU8IHXCqzXi1hbiYiOaDroZQAwgiLcf33t6B36Eg2uwt9BLEjOmQI~-fE1GAg3Q__, https://cf-ea.everytime.kr/attach_thumbnail/279/75314629/everytime-1745256448433.jpg?Expires=1746351261&Key-Pair-Id=APKAICU6XZKH23IGASFA&Signature=XKXlTvlecMSzosigOgWS6ghUI90~8Dl5klCr6xKWvs7ixIkLv8~PXDvoi1tN5KC2qwMPbsgT6kGEYooF8YHxNVExRiKzx0UnjZyzLbrD1Ye75bFCBfZ6bqCKF8O8~k7DH00dcI0JM4MpbXJ1Vq--E7XlBmNDN5oABneu3~kB3ZK-3Km1sSRg7H6aFafu5hPsWxHjlJvIwYQKUvQWPuS2STl~uENyWDkNrNGYBorr9222u5uu6DUdbYHRPe~GUIGiDRDx8yGRuhkj6xpzkvyGKIL9K4vrs6PmAEjrdfixV~6TOypAJ1vnU3yeD6Q0nwsf~8qMjzqlfSB1Jhrg5jaBSg__, https://cf-ea.everytime.kr/attach_thumbnail/264/75314630/everytime-1745256448915.jpg?Expires=1746351261&Key-Pair-Id=APKAICU6XZKH23IGASFA&Signature=CeyxLbrpQvyhC9kNKB-1WgCw0rYrC7pJFqFtwQCnmA2jWxxugsetNkxS65g5ZtvU~mvlgKVw4Py2FpFnfRiNVU9ziDA1Aa39968Clv9nJbeMdQDmPTTS1kvYhmLQG9WbUyCLDteqmCP1zV4DAjdJV2JHxCE9AT8VsYTMUCLpYsDMyMboL2UAjD1125eIfckE5mbTCtBRHIXzSKiqED7QM3p8tbJUAJ~bD5H-4JOJh9JoJh5I2oWKE9TI97rbKfpWUCs1nSuPvvkwLlA2N7g02~2sw0Yh5H5D5~EgauVBqQaMXWGBASJpYMPGqBs4PzloWPItkv9tgv-YNeg~TY~24A__, https://cf-ea.everytime.kr/attach_thumbnail/652/75314631/everytime-1745256449225.jpg?Expires=1746351261&Key-Pair-Id=APKAICU6XZKH23IGASFA&Signature=IvWwcc-7qIb-1lxoa~zsLiK3b0MYETYiQXxnXC3ZtjOb3On7he0QsbovGfeu5RJLvLngYKj9X0uDhxCTIyvJCKC-wCV7ynOIfojwFHrW1SHNW~FO4~pv6jO-UVsxXNYkHkR~ApTlbMXvx5aPgoxOpGryR7DKrp5vaZia4~b3RC1Qc2dLqwwYxsb~nuRSd5qKocmaocALw13RFM8mI50eU5GPwT-HSiKno3gw8nW5n7fdoPSNeS93DKD21xOCOitDTGs9Gg4qi6PLlt7qvoAIOPlRa2BOCj3mzgn2pNn~MF4gKxEupK9oXZg25MAeB-i7Wgf9eE1PhBpS4De4TViRnw__, https://cf-ea.everytime.kr/attach_thumbnail/283/75314632/everytime-1745256449555.jpg?Expires=1746351261&Key-Pair-Id=APKAICU6XZKH23IGASFA&Signature=g4E666Pm6XqAv2UH0xeAgVuk6Rk4Yn5Zb6GZ8E0HN42HXCjCGcHo2wIERj8YDj0Jy3VJ0k4y8MJeVr7zjASKQs2-R2JyaD6b6xAsQDGTdw5cmvVdC9esPnfVz40qBzfOkSghpbnI5l0p6jo4HH-pmbt3d572i3tDx5LvC8B7lptnX5EePKug82YWHqkkYfRmOj-70Ze4IEgxfwpI4TBfV5VwQ538LOXb-fLfvoGVfGYBEr6cq6qSL41V1xFKa3VJDs6-NbiVy5h5S0wGEB-fNPscstK~4RVXtGyJSTyvetDnIVa1ZDEx1cnfiKKFZGVwVsQeLWyROHP0dkLzzGUuTw__, https://cf-ea.everytime.kr/attach_thumbnail/52/75314633/everytime-1745256450002.jpg?Expires=1746351261&Key-Pair-Id=APKAICU6XZKH23IGASFA&Signature=eccEe2PaK3ZXdhESRuEm8nt4VXqt9wu4dqyFVxncRpbTTefTVah1t46DwCBOhU4TSfjeqnZHajHbBucQf5IO~pZuhIy6q6ZqUluZG-hzWYDZwS48h4IJuZCBmFR5mhRUwryk2lMuq2vYfwq4jSXOGhiM1iAasCVTNnWfjViTbYT0hFVDrATxuKB99uo5rMv5nsSGrl6OvW6POzHxALO8ls2dq3~WQADcAjG1GdLUX7EXrCm~-UfOhmCUtn0GhZhlkqhetCxSz~jJiI4L7-z74wFGA1t0c1chgu92w5JTBjEygp6Qx9mdettEBJp1PSfKjJj5wyTmFoqy2RwofQEh-Q__, https://cf-ea.everytime.kr/attach_thumbnail/771/75314634/everytime-1745256450289.jpg?Expires=1746351261&Key-Pair-Id=APKAICU6XZKH23IGASFA&Signature=rOnukOMdCRFrcfROR3sUmOgkycrMubSt6TYPwXxg-6SSgr9BA-rvaWwIN5atEGf1m1wEZD8FP-gcETGrGfuZEmYMTu94D-F6EGkZGn8n~cQPifQl0RD9Z3cX~d0gFuGTKKLDio0x66HY8FRiCImjN6MGhXvCkBuD2eAmLmx05wgfahjS8oLqjdvB9O88fg3NbS~75rRJYDtgsQqIIfaApCrmohYl5o0fjFG30jH2L-pek0203CMMzBJwuMB5OoSzlZET2E8dTj7I8bk-aOiX~oL-xUdOK6o8XAHdxrvVwfBjUJi5-qWB96jhPj14pg5dg53WfD3b~wJJL-64w03VJg__",https://everytime.kr/420883/v/377740499
희망관 냉장고 삽니다,다른 기숙사도 괜찮습니다 쪽지 주세요!,익명,2025-04-21T21:17:00,이미지 없음,https://everytime.kr/420883/v/377695811
4/25 콜드플레이 티켓 구합니다,2매 구합니다! 스탠딩이면 좋겠으나 구역 크게 상관없습니다!,익명,2025-04-21T19:27:00,이미지 없음,https://everytime.kr/420883/v/377679834
경제개 영어 렉노,구힙니다쪽지 주세요,익명,2025-04-21T12:01:00,이미지 없음,https://everytime.kr/420883/v/377626172
4/25 콜드플레이 티켓 삽니다,가격 제시해주세요 고맙습니댜 ㅠㅠ,익명,2025-04-21T11:20:00,이미지 없음,https://everytime.kr/420883/v/377621765
냉장고 삽니다,미르 나래관 냉장고 삽니다! (북측 다 좋습니다!),익명,2025-04-21T01:28:00,이미지 없음,https://everytime.kr/420883/v/377591617
버즈 3 미개봉 팝니다,실버 모델 9만에 팔아요 25년 2월 제조입니다,익명,2025-04-19T22:45:00,이미지 없음,https://everytime.kr/420883/v/377461746
회기역 근처 (걸어서 3분) 쪽에서 오피스텔 단기임대 합니다.,"인턴 등의 이유로 풀옵션 오피스텔 단기임대 필요하신 분 계실까요? 제 지인이 여름방학 (5월~8월 말)에 해외인턴을 가게 되어 잠시 방이 비어 해당 기간 동안 단기임대 한다고 합니다. AI 대학원 홍릉캠으로 출퇴근 하시는 분이라 홍릉캠까지 거리는 가깝습니다. (걸어서 20분 / 버스정류장 3개)여름방학 때 AI 대학원에서 인턴하는 분, 또는 코옵 가시는 분들이 필요하실까해서 글 올립니다!자세한 사항은 아래 오픈채팅방으로 문의 바랍니다!https://open.kakao.com/o/sVtW4Hph",익명,2025-04-19T20:05:00,이미지 없음,https://everytime.kr/420883/v/377444331
ㄹㅇㅇ 일병,구해요 쪽지 부탁드립니다,익명,2025-04-18T07:12:00,이미지 없음,https://everytime.kr/420883/v/377288803
특강 사회과학의 수학적 기초 필기 구합니다.,"중간 전 마지막 수업 두 개를 불가피하게 결석해버려서해당 수업 필기 내용을 구하고 싶습니다.3/28 금, 4/4 금 수업 필기 공유해주실 분 계실까요?사례하겠습니다.꼭 부탁드립니다.",익명,2025-04-17T16:16:00,이미지 없음,https://everytime.kr/420883/v/377216766
(완료)콜드플레이 내한 4/25 티켓,"원래 중간끝나고 가려고했는데 몇몇과목이 중간기간이후에 중간고사를 봐서 못가게됐습니다..4/25 고양종합운동장 FLOOR 좌석표 137,200원 구매금액 그대로 양도하려고 합니다..실물티켓입니다!",익명,2025-04-17T12:46:00,https://cf-ea.everytime.kr/attach/696/75227119/everytime-1744861599733.jpg?Expires=1746351284&Key-Pair-Id=APKAICU6XZKH23IGASFA&Signature=j1cRxnlKjprAUq7c-SR0nom1ooyCwH-jsZwgFT6abuoBHzuDo37mJFOWgS3dA-Pugay7EBQWeSo0JHUyYusXeIr04MFWohCf~Y5hoPGJlBGoXXyXx73PjMsCS3NRA9Dfrrv5Ayfr36KZ0GpKKQlUkg7MUnoypNPRjYjyGuvEnrHLSl8eSgfSfHtER~iivuK12GBQAYqyesgS84L5r7IvbkD-FLqjT55geDb3fvpLFLoh0KDLaP6BVBQPWRHq2K3EvgifUmYefduvk7iR-C7LrTtSAGJxuKE1EKA3Nt3g~q4YnrEFSKdrVJ-uhMJjOmtqOrL2O3GREwZ-jqfAvFVQSg__,https://everytime.kr/420883/v/377196042
"알고개 ㅊㅅㅎ 교수님 23, 24 중간 구합니다!!",쪽지 부탁드려요!!,익명,2025-04-16T20:37:00,이미지 없음,https://everytime.kr/420883/v/377130608
4월 18일 금요일 한화 vs NC 1석,"18000 원 입니다!101-104 구역, 내야지정석 B 에요당일 실물로 드리거나 스마트티켓 가능합니다",익명,2025-04-16T14:39:00,https://cf-ea.everytime.kr/attach/318/75209209/everytime-1744781966070.jpg?Expires=1746351288&Key-Pair-Id=APKAICU6XZKH23IGASFA&Signature=Kvt~4R62r-Bqkx73yJIlL3FqzAl1TLCO9M15Cm9ROEgYuqVWB7l0sve2-j4LcqdXoUBTVJoRX-yG8cZz24~J~XAsmmmEtaQL8dHp9dawNLQG7qyaBKyWe6slbv8hHvutSvwKuCYD3iO2uuh1L6trFNNVEV-wtNc8lDnzbPSEGTLAqpOIImvdNChbmmjzMVVFh0MLGPV6vzAkEnOnpAoM2Q4kke4U2dDwI6OyVeRsXLplF3~mf4LVKHCMuXZYTeO67fDpjp0F6XzQNC55flobNmjwrCfCCoh152ydAl1Jg7fD8pVmj25WWDvVbQaj1AVIckVZFjeqyVhVI23WZe0Zng__,https://everytime.kr/420883/v/377094109
애플펜슬 펜촉 사요,정품 아니라 호환이여도 되니까 메탈이란가 상관 없으니까 파실분 ㅜㅜㅜ 펜촉이 없어서 공부를 못해요,익명,2025-04-15T13:28:00,이미지 없음,https://everytime.kr/420883/v/376975462
토마스 미적분학 thomas calculus,토마스 calculus 14판 구합니다!,익명,2025-04-15T01:06:00,https://cf-ea.everytime.kr/attach/544/75181208/everytime-1744646790686.jpg?Expires=1746351295&Key-Pair-Id=APKAICU6XZKH23IGASFA&Signature=RfpV40RUlt57a8zDYqGDzi18RQWHhn9rENfpTUVCL0QbXb9v3wZ~GJCdxldgyEUQN4E0ot66pHwsWU2ISJwEYPnBvH6tR5wxokgSCAMzG9dZOTdDhIyLs-zwYfBNW1vjjyHPtVOY9agCpTt6aT5FNLEl0u3qQHuTmUE3vTsuEyXpKC81s~-CQSB~AAZEDVanC~OGKI56jukHkyC1ifpGS5CJBDpzWUcseJvE3cVEc5Dibcx3Ztn0lvuegDYD5djatCZRQiiK-L68axho1blse5I4oGhPNGh-RN-fmKasyD5HNzT03RykHtGyQe3ERLfQhdW2HJj-BID9RAnVTTWKjg__,https://everytime.kr/420883/v/376939358
기계괴 과잠 삽니다,사이즈 M 또는 L 구매 희망합니다!,익명,2025-04-14T14:24:00,이미지 없음,https://everytime.kr/420883/v/376865555
ㄱㅎㄹ 교수님 DSP,23F 중간 기말 구해봅니다,익명,2025-04-13T21:11:00,이미지 없음,https://everytime.kr/420883/v/376795951
실험설계및분석 ㅅㅎㅅ 교수님 중간 삽니다.,제곧내,익명,2025-04-12T23:21:00,이미지 없음,https://everytime.kr/420883/v/376716052
디시실 ㄱㅅㅌ 교수님 족보 삽니다,디지탈시스템및실험 족보 구합니다 쪽지 주세요,익명,2025-04-12T23:03:00,이미지 없음,https://everytime.kr/420883/v/376714027
화학과 생화학 ㅂㅎㅅ교수님,족보 삽니다,익명,2025-04-12T22:30:00,이미지 없음,https://everytime.kr/420883/v/376710405
"열물리 ㄱㅇㅇ교수님, 양자1 중간 족보 삽니다",쪽지 주세요,익명,2025-04-12T20:31:00,이미지 없음,https://everytime.kr/420883/v/376698638
공학통계,족보 구합니다! 쪽지 주세요!,익명,2025-04-12T18:56:00,이미지 없음,https://everytime.kr/420883/v/376690179
OR 최적화,족보 구해봅니다 쪽지 주세요!!OR 추계적 모델 족보도 구합니다!!교수님/년도 상관 없어요😭,익명,2025-04-12T18:37:00,이미지 없음,https://everytime.kr/420883/v/376688519
OR 추계적 모델,족보 삽니다 쪽지 주세요ㅠㅠ,익명,2025-04-12T18:36:00,이미지 없음,https://everytime.kr/420883/v/376688453
박종은 교수님 일생 족보 구합니다,내용 그대로입니다. 저는 1-2만원 생각하는데부족하다 과하다 싶으시면 제시해주세요쪽지주시면 감사할거같숩니다,익명,2025-04-12T17:57:00,이미지 없음,https://everytime.kr/420883/v/376684982
물전개 24 족보 삽니다,쪽지주세요,익명,2025-04-12T17:57:00,이미지 없음,https://everytime.kr/420883/v/376684971
반도체소자 족보 구합니다,반도체소자 족보 구합니다 쪽지 주세요!!,익명,2025-04-12T17:43:00,이미지 없음,https://everytime.kr/420883/v/376683747
김시프,"21년도 기출, 족보 삽니다…",익명,2025-04-12T15:55:00,이미지 없음,https://everytime.kr/420883/v/376674697
김시프,족보 구해봅니다,익명,2025-04-12T15:48:00,이미지 없음,https://everytime.kr/420883/v/376674191
고급무기화학 ㅂㅁㅎ 교수님,중간 기말 족보 삽니다중간 5기말 5둘 다 파시면 15 마넌 드릴게요댓 쪽지 부탁이요,익명,2025-04-12T15:20:00,이미지 없음,https://everytime.kr/420883/v/376671945
확기확 ㅈㅎㅇ 교수님 족보 삽니다,있는 대로 다 주시면 감사하겠습니다,익명,2025-04-12T15:10:00,이미지 없음,https://everytime.kr/420883/v/376671197
김시프 22~24 중간/기말 족보 삽니다,.,익명,2025-04-12T15:02:00,이미지 없음,https://everytime.kr/420883/v/376670503
"물전개 23, 24 / 디시 ㄱㄱㅎ 교수님 24",쪽지 주세요!,익명,2025-04-12T14:55:00,이미지 없음,https://everytime.kr/420883/v/376669947
제시공 ㄱㅁㅈ교수님,족보나 복기 가능하신분 쪽지 부탁드립니다.,익명,2025-04-12T14:28:00,이미지 없음,https://everytime.kr/420883/v/376667837
복변 기출 구합니다,최근 기출이면 교수님 상관없습니다,익명,2025-04-12T11:17:00,이미지 없음,https://everytime.kr/420883/v/376655208
알고개 ㅊㅅㅎ 족보삽니다!,쪽지주세요!!,익명,2025-04-12T11:14:00,이미지 없음,https://everytime.kr/420883/v/376655076
디시 ㄱㄱㅎ 교수님 족보 구합니다,쪽지주세요,익명,2025-04-12T09:27:00,이미지 없음,https://everytime.kr/420883/v/376650842
디시 ㅇㅇㅈ 교수님 족보 구합니다,쪽지 주세요!!,익명,2025-04-12T05:09:00,이미지 없음,https://everytime.kr/420883/v/376647881
반도체소자 ㄱㅅㅎ 교수님,족보 삽니다,익명,2025-04-12T04:24:00,이미지 없음,https://everytime.kr/420883/v/376647267
금융인공지능 족보삽니다,쪽지주세요,익명,2025-04-12T03:29:00,이미지 없음,https://everytime.kr/420883/v/376645852
알고개 족보 삽니다!,ㅊㅅㅎ 교수님 알고개 족보 삽니다!특히 24F 족보 원합니다!,익명,2025-04-12T02:52:00,이미지 없음,https://everytime.kr/420883/v/376644303
반응공학 족보 삽니다,ㅇㅎㅈ 교수님 반응공학 족보 삽니다!,다친곳은없냐냐,2025-04-12T02:50:00,이미지 없음,https://everytime.kr/420883/v/376644210
반도체소자 족보,ㄱㅅㅎ 교수님 족보 삽니다 ㅠㅜ,익명,2025-04-12T02:50:00,이미지 없음,https://everytime.kr/420883/v/376644189
김시프 23 24 족보 삽니다,.,익명,2025-04-12T02:28:00,이미지 없음,https://everytime.kr/420883/v/376643028
김시프 24 족보 구해요,쪽지 주세요~,익명,2025-04-12T02:11:00,이미지 없음,https://everytime.kr/420883/v/376641991
ㅂㅈㅎ교수님 위상수학 족보 구합니다,쪽지 주세요!,익명,2025-04-12T01:31:00,이미지 없음,https://everytime.kr/420883/v/376638881
신 ㅅㅇㅅ os 족보 삽니다,중간 기말 핀토스 퀴즈 비싸게 삽니다.쪽지주세요.,익명,2025-04-12T01:29:00,이미지 없음,https://everytime.kr/420883/v/376638691
ㅇㅈㄱ교수님 데싸 방법론 족보 삽니다.,부탁드립니다.. 쪽지주세요!,익명,2025-04-12T00:33:00,이미지 없음,https://everytime.kr/420883/v/376632919
신OS,중간 기말 핀토스퀴즈 족보 전부 구합니다...,익명,2025-04-12T00:28:00,이미지 없음,https://everytime.kr/420883/v/376632397
인공지능과 뇌의 정보처리과정,족보 삽니다. 쪽지 부탁드려요.,익명,2025-04-11T23:30:00,이미지 없음,https://everytime.kr/420883/v/376625746
ㅅㅇㅅ OS 족보 구합니다.,쪽지주세요!,익명,2025-04-11T23:28:00,이미지 없음,https://everytime.kr/420883/v/376625556
ㅅㅇㅅ교수님 os 시험족보 구합니다,쪽지주세요,익명,2025-04-11T23:23:00,이미지 없음,https://everytime.kr/420883/v/376625008
ㅇㅎㅈ 교수님 반소 족보구합니다,족보 구합니다..!,익명,2025-04-11T23:22:00,이미지 없음,https://everytime.kr/420883/v/376624853
전자회로 ㅇㅅㄱ 교수님 족보 구합니다!,퀴즈 시험 모두 구합니다 ㅜㅜ,익명,2025-04-11T23:20:00,이미지 없음,https://everytime.kr/420883/v/376624749
ㅈㅅㅎ 교수님 강유전체 소자 족보 삽니다,쪽지 부탁드립니다,익명,2025-04-11T22:11:00,이미지 없음,https://everytime.kr/420883/v/376617288
디시 ㄱㄱㅎ 교수님 족보 구해요,쪽지주세요,익명,2025-04-11T21:23:00,이미지 없음,https://everytime.kr/420883/v/376612503
반소 ㅇㅎㅈ 교수님,족보 구합니다.,익명,2025-04-11T19:41:00,이미지 없음,https://everytime.kr/420883/v/376602889
다이슨 에어랩 1세대,1세대 에어랩 컴플리트 롱 핑크 회색이에요잘 작동하고 구성품 다 있어요최신제품으로 바꾸려고 판매해요드라이기 롤빗 빗1(회색) 빗2(핑크)얇은 배럴 양방향 두꺼운 배럴 양방향 다 있습니다!쪽지 주세요,익명,2025-04-11T19:24:00,이미지 없음,https://everytime.kr/420883/v/376601262
반소 ㅇㅎㅈ교수님,족보사요,익명,2025-04-11T18:46:00,이미지 없음,https://everytime.kr/420883/v/376597869
물전개 ㅊㅅㅎ 교수님 족보,삽니다,익명,2025-04-11T17:43:00,이미지 없음,https://everytime.kr/420883/v/376592399
열물리학 족보 구합니다!,쪽지주세요!,익명,2025-04-11T16:27:00,이미지 없음,https://everytime.kr/420883/v/376585222
김시프 23 24 봄 족보 구합니다.,쪽지 주세요.,익명,2025-04-11T15:17:00,이미지 없음,https://everytime.kr/420883/v/376579260
김시프 23 24 봄 족보 구합니다,쪽지 주세요,익명,2025-04-11T15:07:00,이미지 없음,https://everytime.kr/420883/v/376578352
ㅅㅇㅅ 교수님 OS 족보삽니다,쪽지 주세용,익명,2025-04-11T15:06:00,이미지 없음,https://everytime.kr/420883/v/376578230
궁동 투룸 입주하실 분!,자세한 정보는 직방 링크 들어가서 봐주세요!두 명이서 살기 좋은 방입니다!궁동 넓은 주인세대 풀옵션입니다.채광좋은 정 남향.넓은거실 + 넓은방 + 넓은주방.대형베란다 구비되어 있습니다.1️⃣매물위치❗궁동 2️⃣매물특징❗실사진 / 풀옵션❗남향(채광No.1)❗풀옵션(더블침대.책상.에어컨.옷장2P)❗빅사이즈(넓은거실+넓은방+넓은주방)❗수납시설(x6붙박이장 / 기타수납)❗대형베란다 / 대형신발장❗주변시설(충남대대학교.카이스트)❗1인거주 + 2인거주가능3️⃣매물추천❗궁동.넓은풀옵션/도시형투룸 찾는분❗충남대/카이스트학생/유성인근대학생링크: https://sp.zigbang.com/share/villa/44379504?userNo=undefined&stamp=250411143340,익명,2025-04-11T14:33:00,이미지 없음,https://everytime.kr/420883/v/376575521
신과개 ㅇㅈㅎ 교수님 족보 삽니다,신과개 ㅇㅈㅎ 교수님 족보 삽니다,익명,2025-04-11T14:30:00,이미지 없음,https://everytime.kr/420883/v/376575274
신 os 족보 삽니다!!,꼭 쪽지 주세요!!!,익명,2025-04-11T14:19:00,이미지 없음,https://everytime.kr/420883/v/376574330
전기자기학1 ㅈㅁㅅ 교수님 23 24 족보삽니다.,쪽지주세요... ㅠㅠ,익명,2025-04-11T13:43:00,이미지 없음,https://everytime.kr/420883/v/376571444
광공개 전자과이산 족보 삽니다,광공학개론 ㄱㅅㅅ교수님전자공학을 위한 이산방법론 ㅎㅇㅅ교수님다른 교수님이어도 상관없습니다쪽지 주세요,익명,2025-04-11T11:48:00,이미지 없음,https://everytime.kr/420883/v/376562172
아날로그 전자회로 ㅂㅎㅁ교수님,24년 족보답지 삽니다 쪽지주세요,익명,2025-04-11T08:35:00,이미지 없음,https://everytime.kr/420883/v/376551511
생화공 유체역학 족보 구합니다.,쪽지 부탁드립니다.,익명,2025-04-11T02:35:00,이미지 없음,https://everytime.kr/420883/v/376545387
물전개 23 24족보 구합니다,쪽지주세요,익명,2025-04-11T00:54:00,이미지 없음,https://everytime.kr/420883/v/376537173
반소 ㅇㅎㅈ교수님 족보 삽니다,쪽지부탁드려요 감사합니다..!,익명,2025-04-11T00:30:00,이미지 없음,https://everytime.kr/420883/v/376534319
데구 족보 구합니다,"퀴즈, 기말 족보 구합니다",익명,2025-05-09T10:26:00,이미지 없음,https://everytime.kr/420883/v/379433255
illy 전용 커피 캡슐 판매합니다,"일리 전용 커피캡슐 판매합니다. 캡슐을 잘못 사서 보관해놨다가 올립니다. 빨간색 10개 정도, 갈색 25개 정도이고 빨간색은 유통기한 지났습니다.만오천원에 판매하겠습니다.쪽지주세요~",익명,2025-05-08T18:24:00,https://cf-ea.everytime.kr/attach/544/75622616/everytime-1746696275432.jpg?Expires=1746771165&Key-Pair-Id=APKAICU6XZKH23IGASFA&Signature=pLy4aB73fZveNDhNR3716hx-QzvgLuyPLKgYNuPaOSOJpqjQUQXPckfVjQk5NWJTIxfr9bop0GH8szxaB-NO05h1YSti6wNiqWJCUuZKiUOCmkoubwKxG-7~sNF0wipeVV84NFgx0-D1q0OkgMaAFVocheF1e~t8db327WnGH5n6FpBfWGbKj9u2W3liJs22wdOoQ8mZdhjRP6CyPYbVtwBOv3BGifo43MlpV2OHYx5odlAmY3Uzf8uy8EbdQf1BjpnXwreLOUUH4ZOU5lAnq1g3jQ19bY1mrSOSIfhCg-diWBGHOMKaQxFv4cHyh1ZQfBgpZOftQKiPSQowncj8WA__,https://everytime.kr/420883/v/379380821
통공 렉노,교수님 상관없이 구합니다.,익명,2025-05-05T16:48:00,이미지 없음,https://everytime.kr/420883/v/379113027
[금일 체크인] 대천해수욕장 호텔 숙박권 팝니다,대천해수욕장 근처 데이원스테이 호텔 디럭스프리미엄(2인) 숙박권 팝니다. 금일(5/5)자 숙박권이고 15시부터 체크인 가능합니다. 138000원에 구매하였는데 7만원에 양도하겠습니다!,익명,2025-05-05T12:10:00,이미지 없음,https://everytime.kr/420883/v/379096372
"경제게 렉노, 시험 팝니다",쪽지 주세요,익명,2025-05-04T20:22:00,이미지 없음,https://everytime.kr/420883/v/379057644
24 고전역학 기출 구해요,ㄱㅁㅅ교수님 고전역학 24년도 기출 구합니다. 사례하겠습니다.,익명,2025-04-11T00:10:00,이미지 없음,https://everytime.kr/420883/v/376532007
